{"rgb":[0.650806,0.4979301,0.7248934],"velocity":[0.331237733,-0.003678457,0.304136932],"position":[10.3646917,-0.8773676,7.20781326],"list":[]}