{"rgb":[0.398456275,0.1390828,0.340570956],"velocity":[3.0,-3.25939846,2.0],"position":[5.219998,4.201429,9.479999],"list":[]}